{"name":"26d395f2-8123-4dcb-b080-da75ecd560fe","id":"/providers/Microsoft.Flow/flows/26d395f2-8123-4dcb-b080-da75ecd560fe","type":"Microsoft.Flow/flows","properties":{"apiId":"/providers/Microsoft.PowerApps/apis/shared_logicflows","displayName":"Apply DLP policy to new D4T Environment [Automated]","definition":{"metadata":{"workflowEntityId":null,"processAdvisorMetadata":null,"flowChargedByPaygo":null,"flowclientsuspensionreason":"None","flowclientsuspensiontime":null,"flowclientsuspensionreasondetails":null,"creator":{"id":"ec89ff9c-b271-4cb9-a9aa-b77bbd4d77b2","type":"User","tenantId":"c8e8bdb6-8e7c-41d5-bc41-37fff3c33b75"},"provisioningMethod":"FromDefinition","failureAlertSubscription":true,"clientLastModifiedTime":"2023-08-02T14:45:13.9922846Z"},"$schema":"https://schema.management.azure.com/providers/Microsoft.Logic/schemas/2016-06-01/workflowdefinition.json#","contentVersion":"1.0.0.0","parameters":{"$connections":{"defaultValue":{},"type":"Object"},"$authentication":{"defaultValue":{},"type":"SecureObject"}},"triggers":{"When_a_row_is_added:_Environments_Teams":{"metadata":{"operationMetadataId":"be75a823-5a99-4ad0-af20-722aef4cd96a"},"type":"OpenApiConnectionWebhook","inputs":{"host":{"apiId":"/providers/Microsoft.PowerApps/apis/shared_commondataserviceforapps","connectionName":"shared_commondataserviceforapps","operationId":"SubscribeWebhookTrigger"},"parameters":{"subscriptionRequest/message":1,"subscriptionRequest/entityname":"admin_environment","subscriptionRequest/scope":4,"subscriptionRequest/filterexpression":"admin_environmentsku eq 'Teams'"},"authentication":"@parameters('$authentication')"}}},"actions":{"Initialize_variable:_vDLPGuid":{"runAfter":{},"metadata":{"operationMetadataId":"da4cdadf-70cc-496f-8afd-67b7687a4013"},"type":"InitializeVariable","inputs":{"variables":[{"name":"vDLPGuid","type":"string"}]},"description":"Input the GUID of DLP Policy that you want to apply automatically"},"Initialize_variable:_vDLPEnvironments":{"runAfter":{"Initialize_variable:_vDLPGuid":["Succeeded"]},"metadata":{"operationMetadataId":"2ede8099-6a04-420a-8fdf-92d353f91ef6"},"type":"InitializeVariable","inputs":{"variables":[{"name":"vDLPEnvironments","type":"array"}]}},"Get_DLP_Policy_V2":{"runAfter":{"Initialize_variable:_vMailTo":["Succeeded"]},"metadata":{"operationMetadataId":"ae657722-ff6b-45d4-abb4-9b68021d4c4c"},"type":"OpenApiConnection","inputs":{"host":{"apiId":"/providers/Microsoft.PowerApps/apis/shared_powerplatformforadmins","connectionName":"shared_powerplatformforadmins","operationId":"GetPolicyV2"},"parameters":{"policy":"@variables('vDLPGuid')"},"authentication":"@parameters('$authentication')"}},"Set_variable:_vDLPEnvironments":{"runAfter":{"Get_DLP_Policy_V2":["Succeeded"]},"metadata":{"operationMetadataId":"f9d892e8-8b42-41cc-a5a5-a4987188eb0e"},"type":"SetVariable","inputs":{"name":"vDLPEnvironments","value":"@outputs('Get_DLP_Policy_V2')?['body/environments']"}},"Get_Environment_as_Admin":{"runAfter":{"Set_variable:_vDLPEnvironments":["Succeeded"]},"metadata":{"operationMetadataId":"8e3e7fb7-c0a8-474d-a52f-f5ee62975ddc"},"type":"OpenApiConnection","inputs":{"host":{"apiId":"/providers/Microsoft.PowerApps/apis/shared_powerplatformforadmins","connectionName":"shared_powerplatformforadmins","operationId":"GetSingleEnvironment"},"parameters":{"environment":"@triggerOutputs()?['body/admin_environmentid']","api-version":"2018-10-01"},"authentication":"@parameters('$authentication')"}},"Append_to_array_variable:_vDLPEnvironments":{"runAfter":{"Get_Environment_as_Admin":["Succeeded"]},"metadata":{"operationMetadataId":"346ce9c9-59f4-427d-bc75-cd086433fa8a"},"type":"AppendToArrayVariable","inputs":{"name":"vDLPEnvironments","value":{"id":"@{outputs('Get_Environment_as_Admin')?['body/id']}","name":"@{outputs('Get_Environment_as_Admin')?['body/name']}","type":"@{outputs('Get_Environment_as_Admin')?['body/type']}"}}},"Send_an_email_(V2):_New_D4T_environment_created":{"runAfter":{"Update_DLP_Policy_V2_2":["Succeeded"]},"metadata":{"operationMetadataId":"37db50f1-2e59-4a0b-93db-0a5a14a1c7d6"},"type":"OpenApiConnection","inputs":{"host":{"apiId":"/providers/Microsoft.PowerApps/apis/shared_office365","connectionName":"shared_office365","operationId":"SendEmailV2"},"parameters":{"emailMessage/To":"@variables('vMailTo')","emailMessage/Subject":"New D4T environment created: @{triggerOutputs()?['body/admin_displayname']}","emailMessage/Body":"<p><strong>Information:</strong><br>\nDisplay Name: @{triggerOutputs()?['body/admin_displayname']}<br>\nGUID: &nbsp;@{outputs('Get_Environment_as_Admin')?['body/name']}<br>\nDescription: @{triggerOutputs()?['body/admin_environmentpurposetext']}<br>\nDLP: @{outputs('Get_DLP_Policy_V2')?['body/displayName']}<br>\nOwner: @{outputs('Get_Environment_as_Admin')?['body/properties/createdBy/displayName']}<br>\nOwner mail: @{outputs('Get_Environment_as_Admin')?['body/properties/createdBy/email']}</p>","emailMessage/Importance":"Normal"},"authentication":"@parameters('$authentication')"}},"Initialize_variable:_vMailTo":{"runAfter":{"Initialize_variable:_vDLPEnvironments":["Succeeded"]},"metadata":{"operationMetadataId":"a853fe7f-cad6-404e-b8a5-bd305c17f68d"},"type":"InitializeVariable","inputs":{"variables":[{"name":"vMailTo","type":"string"}]},"description":"Input the mail contact to notify the changes"},"Update_DLP_Policy_V2_2":{"runAfter":{"Append_to_array_variable:_vDLPEnvironments":["Succeeded"]},"metadata":{"operationMetadataId":"52565434-4aa8-4ba7-8663-e38f76da9e2d"},"type":"OpenApiConnection","inputs":{"host":{"apiId":"/providers/Microsoft.PowerApps/apis/shared_powerplatformforadmins","connectionName":"shared_powerplatformforadmins","operationId":"UpdatePolicyV2"},"parameters":{"policy":"@outputs('Get_DLP_Policy_V2')?['body/name']","body/displayName":"@outputs('Get_DLP_Policy_V2')?['body/displayName']","body/defaultConnectorsClassification":"@outputs('Get_DLP_Policy_V2')?['body/defaultConnectorsClassification']","body/connectorGroups":"@outputs('Get_DLP_Policy_V2')?['body/connectorGroups']","body/environmentType":"@outputs('Get_DLP_Policy_V2')?['body/environmentType']","body/environments":"@variables('vDLPEnvironments')","api-version":"2018-10-01"},"authentication":"@parameters('$authentication')"}}}},"connectionReferences":{"shared_powerplatformforadmins":{"connectionName":"shared-powerplatform-5752061a-8bd4-463f-a861-cbffb8367b44","source":"Embedded","id":"/providers/Microsoft.PowerApps/apis/shared_powerplatformforadmins","tier":"NotSpecified"},"shared_office365":{"connectionName":"3c223756467440df841e7270b047701a","source":"Embedded","id":"/providers/Microsoft.PowerApps/apis/shared_office365","tier":"NotSpecified"},"shared_commondataserviceforapps":{"connectionName":"8bd318eebbbf4afc8650ad09aa483d08","source":"Embedded","id":"/providers/Microsoft.PowerApps/apis/shared_commondataserviceforapps","tier":"NotSpecified"}},"flowFailureAlertSubscribed":false,"isManaged":false}}