{"name":"d809a753-0c91-484e-99f4-c6329107e7e9","id":"/providers/Microsoft.Flow/flows/d809a753-0c91-484e-99f4-c6329107e7e9","type":"Microsoft.Flow/flows","properties":{"apiId":"/providers/Microsoft.PowerApps/apis/shared_logicflows","displayName":"Get Connections Info","definition":{"metadata":{"workflowEntityId":null,"processAdvisorMetadata":null,"flowChargedByPaygo":null,"flowclientsuspensionreason":"None","flowclientsuspensiontime":null,"flowclientsuspensionreasondetails":null,"creator":{"id":"000ec8c0-a7b0-4e4c-a122-f47ee189cf03","type":"User","tenantId":"14aa50d9-7879-44d4-9c46-1bf757e1ca0e"},"provisioningMethod":"FromDefinition","failureAlertSubscription":true,"clientLastModifiedTime":"2025-03-10T16:13:13.3015884Z","connectionKeySavedTimeKey":"2025-03-10T16:13:13.3015884Z","creationSource":"Portal","modifiedSources":"Portal"},"$schema":"https://schema.management.azure.com/providers/Microsoft.Logic/schemas/2016-06-01/workflowdefinition.json#","contentVersion":"undefined","parameters":{"$authentication":{"defaultValue":{},"type":"SecureObject"},"$connections":{"defaultValue":{},"type":"Object"}},"triggers":{"manual":{"metadata":{"operationMetadataId":"a5187dac-04ed-408e-805d-3cd41e797690"},"type":"Request","kind":"Button","inputs":{"schema":{"type":"object","properties":{"text":{"description":"Please enter your input","title":"environment","type":"string","x-ms-content-hint":"TEXT","x-ms-dynamically-added":true},"text_1":{"description":"Please enter your input","title":"connectorName","type":"string","x-ms-content-hint":"TEXT","x-ms-dynamically-added":true},"text_3":{"description":"Please enter your input","title":"createdByUpn","type":"string","x-ms-content-hint":"TEXT","x-ms-dynamically-added":true},"text_4":{"description":"Please enter your input","title":"gatewayId","type":"string","x-ms-content-hint":"TEXT","x-ms-dynamically-added":true}},"required":["text","text_1","text_3","text_4"]}}}},"actions":{"InitializeVariable-arrConnections":{"runAfter":{},"metadata":{"operationMetadataId":"aebb1660-673b-484e-8d16-bf43ea77ecdd"},"type":"InitializeVariable","inputs":{"variables":[{"name":"arrConnections","type":"array"}]}},"InitializeVariable-objInput":{"runAfter":{"InitializeVariable-arrConnections":["Succeeded"]},"metadata":{"operationMetadataId":"008e8c49-1d7a-4307-99d4-8ac8377b6b98"},"type":"InitializeVariable","inputs":{"variables":[{"name":"objInput","type":"object","value":{"environmentName":"@{triggerBody()['text']}","connectorName":"@{triggerBody()['text_1']}","createdByUpn":"@{triggerBody()['text_3']}","gatewayId":"@{triggerBody()['text_4']}"}}]}},"Scope-Try":{"actions":{"Condition-ConnectorFilter":{"actions":{"FilterArray-arrConnections-ConnectorFilter":{"metadata":{"operationMetadataId":"575f0f26-aacf-40cf-a923-313ad9580ec9"},"type":"Query","inputs":{"from":"@variables('arrConnections')","where":"@equals(last(split(item()?['properties']?['apiId'], '/')),variables('objInput')?['connectorName'])"}},"SetVariable-arrConnections-ConnectorFilter":{"runAfter":{"FilterArray-arrConnections-ConnectorFilter":["Succeeded"]},"metadata":{"operationMetadataId":"4d2bb9a8-2ba9-4290-9c55-939d0797275d"},"type":"SetVariable","inputs":{"name":"arrConnections","value":"@body('FilterArray-arrConnections-ConnectorFilter')"}}},"runAfter":{"Condition-EnvironmentFilter":["Succeeded"]},"else":{"actions":{}},"expression":{"and":[{"not":{"equals":["@variables('objInput')?['connectorName']","*"]}}]},"metadata":{"operationMetadataId":"13e9745a-c258-4103-bfa4-923c9cdbdfd8"},"type":"If"},"Condition-EnvironmentFilter":{"actions":{"GetConnectionsAsAdmin-EnvironmentFilter":{"metadata":{"operationMetadataId":"e0fc1ebf-8b2f-4685-8a16-767e0b88d979"},"type":"OpenApiConnection","inputs":{"parameters":{"environment":"@variables('objInput')?['environmentName']","api-version":"2023-06-01"},"host":{"apiId":"/providers/Microsoft.PowerApps/apis/shared_powerappsforadmins","connectionName":"shared_powerappsforadmins","operationId":"Get-AdminConnections"},"authentication":{"value":"@json(decodeBase64(triggerOutputs().headers['X-MS-APIM-Tokens']))['$ConnectionKey']","type":"Raw"}},"runtimeConfiguration":{"paginationPolicy":{"minimumItemCount":100000}}},"ApplyToEach-GetConnectionsAsAdmin-EnvironmentFilter":{"foreach":"@body('GetConnectionsAsAdmin-EnvironmentFilter')?['value']","actions":{"AppendToArrayVariable-arrConnections-EnvironmentFilter":{"metadata":{"operationMetadataId":"ad5031ed-7b3a-48ef-b1c3-e620dceb1f5e"},"type":"AppendToArrayVariable","inputs":{"name":"arrConnections","value":"@items('ApplyToEach-GetConnectionsAsAdmin-EnvironmentFilter')"}}},"runAfter":{"GetConnectionsAsAdmin-EnvironmentFilter":["Succeeded"]},"metadata":{"operationMetadataId":"44c8cbe5-f529-4d8e-9617-1f1515acd2e8"},"type":"Foreach","runtimeConfiguration":{"concurrency":{"repetitions":50}}}},"else":{"actions":{"ListEnvironmentsAsAdmin":{"metadata":{"operationMetadataId":"6df75862-da4f-4c56-85a1-237427a9be55"},"type":"OpenApiConnection","inputs":{"parameters":{"api-version":"2023-06-01"},"host":{"apiId":"/providers/Microsoft.PowerApps/apis/shared_powerplatformforadmins","connectionName":"shared_powerplatformforadmins-1","operationId":"Get-AdminEnvironment"},"authentication":{"value":"@json(decodeBase64(triggerOutputs().headers['X-MS-APIM-Tokens']))['$ConnectionKey']","type":"Raw"}},"runtimeConfiguration":{"paginationPolicy":{"minimumItemCount":100000}}},"ApplyToEach-ListEnvironmentsAsAdmin":{"foreach":"@body('ListEnvironmentsAsAdmin')?['value']","actions":{"GetConnectionsAsAdmin-NoEnvironmentFilter":{"metadata":{"operationMetadataId":"f93f07cc-692a-46f7-bc2e-1badbe533ddf"},"type":"OpenApiConnection","inputs":{"parameters":{"environment":"@items('ApplyToEach-ListEnvironmentsAsAdmin')?['name']","api-version":"2023-06-01"},"host":{"apiId":"/providers/Microsoft.PowerApps/apis/shared_powerappsforadmins","connectionName":"shared_powerappsforadmins","operationId":"Get-AdminConnections"},"authentication":{"value":"@json(decodeBase64(triggerOutputs().headers['X-MS-APIM-Tokens']))['$ConnectionKey']","type":"Raw"}},"runtimeConfiguration":{"paginationPolicy":{"minimumItemCount":100000}}},"ApplyToEach-GetConnectionsAsAdmin-NoEnvironmentFilter":{"foreach":"@body('GetConnectionsAsAdmin-NoEnvironmentFilter')?['value']","actions":{"AppendToArrayVariable-arrConnections-NoEnvironmentFilter":{"metadata":{"operationMetadataId":"a1ad23be-03bc-448e-8f52-685dedc40f7c"},"type":"AppendToArrayVariable","inputs":{"name":"arrConnections","value":"@items('ApplyToEach-GetConnectionsAsAdmin-NoEnvironmentFilter')"}}},"runAfter":{"GetConnectionsAsAdmin-NoEnvironmentFilter":["Succeeded"]},"metadata":{"operationMetadataId":"e929fe6b-46dd-4c2a-ae6a-ee29ac59d094"},"type":"Foreach","runtimeConfiguration":{"concurrency":{"repetitions":50}}}},"runAfter":{"ListEnvironmentsAsAdmin":["Succeeded"]},"metadata":{"operationMetadataId":"315c7dc6-a975-4f68-bd19-74d048cd1e0f"},"type":"Foreach","runtimeConfiguration":{"concurrency":{"repetitions":50}}}}},"expression":{"and":[{"not":{"equals":["@variables('objInput')?['environmentName']","*"]}}]},"metadata":{"operationMetadataId":"2f0ab968-2e57-4326-9c8f-f8bf1e803ceb"},"type":"If"},"Condition-CreatedByFilter":{"actions":{"FilterArray-arrConnections-CreatedByFilter":{"metadata":{"operationMetadataId":"893dde7c-a7aa-40d6-be2b-49081055ebd5"},"type":"Query","inputs":{"from":"@variables('arrConnections')","where":"@equals(item()?['properties']?['createdBy']?['userPrincipalName'],variables('objInput')?['createdByUpn'])"}},"SetVariable-arrConnections-CreatedByFilter":{"runAfter":{"FilterArray-arrConnections-CreatedByFilter":["Succeeded"]},"metadata":{"operationMetadataId":"73759c74-b430-42b9-b457-4711bb11b4f1"},"type":"SetVariable","inputs":{"name":"arrConnections","value":"@body('FilterArray-arrConnections-CreatedByFilter')"}}},"runAfter":{"Condition-ConnectorFilter":["Succeeded"]},"else":{"actions":{}},"expression":{"and":[{"not":{"equals":["@variables('objInput')?['createdByUpn']","*"]}}]},"metadata":{"operationMetadataId":"a903732d-a77c-409f-83fc-c7b7fc6de473"},"type":"If"},"Condition-GatewayFilter":{"actions":{"FilterArray-arrConnections-GatewayFilter":{"metadata":{"operationMetadataId":"7e811593-06d5-4adc-9809-453a6ea6b970"},"type":"Query","inputs":{"from":"@variables('arrConnections')","where":"@equals(item()?['properties']?['connectionParameters']?['gateway']?['gatewayObjectId'],variables('objInput')?['gatewayId'])"}},"SetVariable-arrConnections-GatewayFilter":{"runAfter":{"FilterArray-arrConnections-GatewayFilter":["Succeeded"]},"metadata":{"operationMetadataId":"057d2891-6b16-4c36-aba8-474baccc5b76"},"type":"SetVariable","inputs":{"name":"arrConnections","value":"@body('FilterArray-arrConnections-GatewayFilter')"}}},"runAfter":{"Condition-CreatedByFilter":["Succeeded"]},"else":{"actions":{}},"expression":{"and":[{"not":{"equals":["@variables('objInput')?['gatewayId']","*"]}}]},"metadata":{"operationMetadataId":"ef909f51-451f-4870-b8e9-0af09b16b0c7"},"type":"If"}},"runAfter":{"InitializeVariable-objInput":["Succeeded"]},"metadata":{"operationMetadataId":"4d283ef1-8e78-4e4f-beac-9cb4868df73d"},"type":"Scope"},"Scope-Catch":{"actions":{},"runAfter":{"Scope-Try":["TimedOut","Skipped","Failed"]},"metadata":{"operationMetadataId":"8ead260f-5c72-4f45-a38e-bd153c63ad57"},"type":"Scope"},"Scope-Finally":{"actions":{"Terminate":{"runAfter":{"Send_an_email_(V2)":["Succeeded"]},"metadata":{"operationMetadataId":"605cd850-ab51-474b-a444-fa7170f4a414"},"type":"Terminate","inputs":{"runStatus":"Succeeded"}},"Compose-arrConnections":{"metadata":{"operationMetadataId":"fdc00181-a8b3-446e-b896-118891b62e09"},"type":"Compose","inputs":"@variables('arrConnections')"},"Send_an_email_(V2)":{"runAfter":{"Create_HTML_table":["Succeeded"]},"metadata":{"operationMetadataId":"c806e2aa-edeb-4514-80ec-31391bbc832c"},"type":"OpenApiConnection","inputs":{"parameters":{"emailMessage/To":"a@a.com","emailMessage/Subject":"GetConnections - Environment: @{triggerBody()['text']}, connectorName: @{triggerBody()['text_1']}, createdByUpn: @{triggerBody()['text_3']}, gatewatyId: @{triggerBody()['text_4']}","emailMessage/Body":"<style>\ntable {\n  border: 1px solid #1C6EA4;\n  background-color: #EEEEEE;\n  width: 100%;\n  text-align: left;\n  border-collapse: collapse;\n}\ntable td, table th {\n  border: 1px solid #AAAAAA;\n  padding: 3px 2px;\n}\ntable tbody td {\n  font-size: 13px;\n}\ntable thead {\n  background: #1C6EA4;\n  border-bottom: 2px solid #444444;\n}\ntable thead th {\n  font-size: 15px;\n  font-weight: bold;\n  color: #FFFFFF;\n  border-left: 2px solid #D0E4F5;\n}\ntable thead th:first-child {\n  border-left: none;\n}\n</style>\n@{body('Create_HTML_table')}\n\n","emailMessage/Importance":"Normal"},"host":{"apiId":"/providers/Microsoft.PowerApps/apis/shared_office365","connectionName":"shared_office365","operationId":"SendEmailV2"},"authentication":{"value":"@json(decodeBase64(triggerOutputs().headers['X-MS-APIM-Tokens']))['$ConnectionKey']","type":"Raw"}}},"ParseJSON-arrConnections":{"runAfter":{"Compose-arrConnections":["Succeeded"]},"metadata":{"operationMetadataId":"05bb96b5-d421-4eac-8681-c1a9fac9f0ce"},"type":"ParseJson","inputs":{"content":"@outputs('Compose-arrConnections')","schema":{"type":"array","items":{"type":"object","properties":{"name":{"type":"string"},"id":{"type":"string"},"type":{"type":"string"},"properties":{"type":"object","properties":{"apiId":{"type":"string"},"displayName":{"type":"string"},"iconUri":{"type":"string"},"statuses":{"type":"array","items":{"type":"object","properties":{"status":{"type":"string"}},"required":["status"]}},"connectionParameters":{"type":"object","properties":{"sku":{"type":"string"}}},"keywordsRemaining":{"type":"integer"},"createdBy":{"type":"object","properties":{"id":{"type":"string"},"displayName":{"type":"string"},"email":{"type":"string"},"type":{"type":"string"},"tenantId":{"type":"string"},"userPrincipalName":{"type":"string"}}},"createdTime":{"type":"string"},"lastModifiedTime":{"type":"string"},"environment":{"type":"object","properties":{"id":{"type":"string"},"name":{"type":"string"}}},"allowSharing":{"type":"boolean"},"isDisabledDLPJobOriginalValue":{"type":"boolean"},"disablementReason":{"type":"string"}}}},"required":["name","id","type","properties"]}}}},"Select":{"runAfter":{"ParseJSON-arrConnections":["Succeeded"]},"metadata":{"operationMetadataId":"b3b9bd01-b102-4369-b042-39506421e604"},"type":"Select","inputs":{"from":"@body('ParseJSON-arrConnections')","select":{"connectionName":"@last(split(item()?['properties']?['apiId'], '/'))","createdBy":"@item()?['properties']?['createdBy']?['email']","createdTime":"@item()?['properties']?['createdTime']","environment":"@item()?['properties']?['environment']?['name']","gatewayId":"@item()?['properties']?['connectionParameters']?['gateway']?['gatewayObjectId']","status":"@item()?['properties']?['statuses']?[0]?['status']","statusErrorCode":"@item()?['properties']?['statuses']?[0]?['error']?['code']","statusErrorMessage":"@item()?['properties']?['statuses']?[0]?['error']?['message']","disablementByDLP":"@item()?['properties']?['disablementReason']"}}},"Create_HTML_table":{"runAfter":{"Select":["Succeeded"]},"metadata":{"operationMetadataId":"da153b96-4404-4acd-bffd-5f4ade55b460"},"type":"Table","inputs":{"from":"@body('Select')","format":"HTML"}}},"runAfter":{"Scope-Catch":["Succeeded","Skipped","TimedOut","Failed"]},"metadata":{"operationMetadataId":"e2377860-5f26-4d3e-895d-964c6da9f494"},"type":"Scope"}},"description":""},"connectionReferences":{"shared_powerappsforadmins":{"connectionName":"shared-powerappsfora-a2813a95-9357-44d4-88be-950c05e8a2e9","source":"Invoker","id":"/providers/Microsoft.PowerApps/apis/shared_powerappsforadmins","tier":"NotSpecified","apiName":"powerappsforadmins"},"shared_powerplatformforadmins-1":{"connectionName":"shared-powerplatform-fa2d7898-5b2e-42c4-87bd-436e5255365d","source":"Invoker","id":"/providers/Microsoft.PowerApps/apis/shared_powerplatformforadmins","tier":"NotSpecified","apiName":"powerplatformforadmins"},"shared_office365":{"connectionName":"shared-office365-9a3d55ac-258c-47d0-976c-e1ec826d3020","source":"Invoker","id":"/providers/Microsoft.PowerApps/apis/shared_office365","tier":"NotSpecified","apiName":"office365"}},"flowFailureAlertSubscribed":false,"isManaged":false}}