{"name":"77c97b3e-0311-41bf-bcbc-9ba26daa53f1","id":"/providers/Microsoft.Flow/flows/77c97b3e-0311-41bf-bcbc-9ba26daa53f1","type":"Microsoft.Flow/flows","properties":{"apiId":"/providers/Microsoft.PowerApps/apis/shared_logicflows","displayName":"[Change this name] Flow template - Try-Catch with Mail notification","definition":{"metadata":{"workflowEntityId":null,"processAdvisorMetadata":null,"flowclientsuspensionreason":"None","flowclientsuspensiontime":null,"creator":{"id":"ec89ff9c-b271-4cb9-a9aa-b77bbd4d77b2","type":"User","tenantId":"c8e8bdb6-8e7c-41d5-bc41-37fff3c33b75"},"provisioningMethod":"FromDefinition","failureAlertSubscription":true,"clientLastModifiedTime":"2022-06-17T09:19:34.8100584Z"},"$schema":"https://schema.management.azure.com/providers/Microsoft.Logic/schemas/2016-06-01/workflowdefinition.json#","contentVersion":"1.0.0.0","parameters":{"$connections":{"defaultValue":{},"type":"Object"},"$authentication":{"defaultValue":{},"type":"SecureObject"}},"triggers":{"manual":{"metadata":{"operationMetadataId":"55bb57b2-9f12-4ef0-8847-5655d073aae0"},"type":"Request","kind":"Button","inputs":{"schema":{"type":"object","properties":{},"required":[]}},"description":"Change this trigger by Scheduler or other trigger"}},"actions":{"Try":{"actions":{},"runAfter":{"varErrors":["Succeeded"]},"metadata":{"operationMetadataId":"f0bc0c9c-aee0-49e7-ad43-523e8f4140bb"},"type":"Scope","description":"Add here your actions"},"varErrors":{"runAfter":{"varRecipientsMail":["Succeeded"]},"metadata":{"operationMetadataId":"4f3652f9-b930-4883-ad56-10630c911b7a"},"type":"InitializeVariable","inputs":{"variables":[{"name":"varErrors","type":"string"}]}},"Catch":{"actions":{"Apply_to_each_Try_result":{"foreach":"@result('Try')","actions":{"Check_if_action_has_failed":{"actions":{"Append_action_name_and_error_message_to_varErrors":{"runAfter":{},"metadata":{"operationMetadataId":"bf466f39-c14a-42ca-8c96-ba241fe5a099"},"type":"AppendToStringVariable","inputs":{"name":"varErrors","value":"<strong>Action:</strong> @{replace(items('Apply_to_each_Try_result')?['name'],'_',' ')}<br/>\n<strong>Error:</strong> @{items('Apply_to_each_Try_result')?['error']?['message']}"}}},"runAfter":{},"expression":{"equals":["@items('Apply_to_each_Try_result')?['status']","Failed"]},"metadata":{"operationMetadataId":"f81a1305-7e04-4d03-8421-a5d5efb2a8a2"},"type":"If"}},"runAfter":{},"metadata":{"operationMetadataId":"ac232fdc-61f6-40ce-a301-0c70819f810b"},"type":"Foreach"},"Parse_JSON_flow_info":{"runAfter":{"Compose":["Succeeded"]},"metadata":{"operationMetadataId":"d761653a-32c7-4d7b-9df9-69ad766824bd"},"type":"ParseJson","inputs":{"content":"@workflow()","schema":{"type":"object","properties":{"id":{"type":"string"},"name":{"type":"string"},"type":{"type":"string"},"location":{"type":"string"},"tags":{"type":"object","properties":{"flowDisplayName":{"type":"string"},"environmentName":{"type":"string"},"logicAppName":{"type":"string"},"environmentWorkflowId":{"type":"string"},"xrmWorkflowId":{"type":"string"},"environmentFlowSuspensionReason":{"type":"string"},"sharingType":{"type":"string"}}},"run":{"type":"object","properties":{"id":{"type":"string"},"name":{"type":"string"},"type":{"type":"string"}}}}}}},"List_My_Environments":{"runAfter":{"Parse_JSON_flow_info":["Succeeded"]},"metadata":{"operationMetadataId":"fca85363-5914-4e64-a145-08d7ceaf298d"},"type":"OpenApiConnection","inputs":{"host":{"apiId":"/providers/Microsoft.PowerApps/apis/shared_flowmanagement","connectionName":"shared_flowmanagement","operationId":"ListUserEnvironments"},"parameters":{},"authentication":{"value":"@json(decodeBase64(triggerOutputs().headers['X-MS-APIM-Tokens']))['$ConnectionKey']","type":"Raw"}}},"FilterEnv":{"runAfter":{"List_My_Environments":["Succeeded"]},"metadata":{"operationMetadataId":"24ebaa85-4139-44b9-a792-0fa71015d5d5"},"type":"Query","inputs":{"from":"@outputs('List_My_Environments')?['body/value']","where":"@equals(item()?['name'], body('Parse_JSON_flow_info')?['tags']?['environmentName'])"}},"Sent_notification_by_mail":{"runAfter":{"FilterEnv":["Succeeded"]},"metadata":{"operationMetadataId":"e483431a-1662-4925-9440-561f4883ee85"},"type":"OpenApiConnection","inputs":{"host":{"apiId":"/providers/Microsoft.PowerApps/apis/shared_office365","connectionName":"shared_office365","operationId":"SendEmailV2"},"parameters":{"emailMessage/To":"@variables('varRecipients')","emailMessage/Subject":"Power Automate - Execution error in @{body('Parse_JSON_flow_info')?['tags']?['flowDisplayName']}","emailMessage/Body":"<p><strong>Cloud flow failed!</strong><br>\n<br>\n<p><strong>Details flow:</strong><br>\n<strong>Flow:</strong> @{body('Parse_JSON_flow_info')?['tags']?['flowDisplayName']}<br>\n<strong>Environment:</strong> @{first(body('FilterEnv'))?['properties']?['displayName']}\n<p><strong>Details error:</strong><br>\n@{variables('varErrors')}\n<br><br>\n<a href=\"@{concat('https://emea.flow.microsoft.com/manage/environments/', body('Parse_JSON_flow_info')?['tags']?['environmentName'], '/flows/', body('Parse_JSON_flow_info')?['name'], '/runs/', body('Parse_JSON_flow_info')?['run']?['name'])}\"> Open failed flow run</></p>","emailMessage/Importance":"High"},"authentication":{"value":"@json(decodeBase64(triggerOutputs().headers['X-MS-APIM-Tokens']))['$ConnectionKey']","type":"Raw"}}},"Terminate":{"runAfter":{"Sent_notification_by_mail":["Succeeded"]},"metadata":{"operationMetadataId":"b5cf9c90-32ff-4ae4-b15c-d2975e1b650a"},"type":"Terminate","inputs":{"runStatus":"Succeeded"}},"Compose":{"runAfter":{"Apply_to_each_Try_result":["Succeeded"]},"metadata":{"operationMetadataId":"bb61129e-1cb8-4859-a95f-615080ef26d6"},"type":"Compose","inputs":"@result('Try')"}},"runAfter":{"Try":["Failed"]},"metadata":{"operationMetadataId":"90fb2875-a95e-4857-aed8-60a00e3b3c2d"},"type":"Scope"},"varRecipientsMail":{"runAfter":{},"metadata":{"operationMetadataId":"3fb45903-464d-450d-bfc9-94c8a93a731c"},"type":"InitializeVariable","inputs":{"variables":[{"name":"varRecipients","type":"string"}]},"description":"Enter the notification recipients separated by commas"},"Finished_succesfully":{"runAfter":{"Try":["Succeeded"]},"metadata":{"operationMetadataId":"644a97dc-cc9f-47a6-b9fd-58c4bc2b2738"},"type":"OpenApiConnection","inputs":{"host":{"apiId":"/providers/Microsoft.PowerApps/apis/shared_office365","connectionName":"shared_office365","operationId":"SendEmailV2"},"parameters":{"emailMessage/To":"@variables('varRecipients')","emailMessage/Subject":"Power Automate - Execution succesfully","emailMessage/Body":"<p>Power Automate - Execution succesfully</p>"},"authentication":{"value":"@json(decodeBase64(triggerOutputs().headers['X-MS-APIM-Tokens']))['$ConnectionKey']","type":"Raw"}}}}},"connectionReferences":{"shared_flowmanagement":{"connectionName":"shared-flowmanagemen-1c872117-1fba-4c1d-9892-d062d80cd4ba","source":"Invoker","id":"/providers/Microsoft.PowerApps/apis/shared_flowmanagement","tier":"NotSpecified"},"shared_office365":{"connectionName":"shared-office365-cf63e156-540c-4b4a-a5b7-468e-3bc7da59","source":"Invoker","id":"/providers/Microsoft.PowerApps/apis/shared_office365","tier":"NotSpecified"}},"flowFailureAlertSubscribed":false,"isManaged":false}}