{
  "properties": {
    "connectionReferences": {
      "shared_commondataserviceforapps": {
        "api": {
          "name": "shared_commondataserviceforapps"
        },
        "connection": {
          "connectionReferenceLogicalName": "ac365_Dataverse"
        },
        "runtimeSource": "embedded"
      },
      "shared_office365-1": {
        "api": {
          "name": "shared_office365"
        },
        "connection": {
          "connectionReferenceLogicalName": "ac365_Office365Outlook"
        },
        "runtimeSource": "embedded"
      }
    },
    "definition": {
      "$schema": "https://schema.management.azure.com/providers/Microsoft.Logic/schemas/2016-06-01/workflowdefinition.json#",
      "contentVersion": "undefined",
      "parameters": {
        "$authentication": {
          "defaultValue": {},
          "type": "SecureObject"
        },
        "$connections": {
          "defaultValue": {},
          "type": "Object"
        }
      },
      "triggers": {
        "Recurrence-Every_day_06am": {
          "type": "Recurrence",
          "recurrence": {
            "frequency": "Day",
            "interval": "1",
            "startTime": "2024-11-25T05:00:00Z",
            "schedule": {
              "hours": [
                "6"
              ]
            },
            "timeZone": "Romance Standard Time"
          }
        }
      },
      "actions": {
        "GetPastTime-1Day": {
          "type": "Expression",
          "kind": "GetPastTime",
          "inputs": {
            "interval": 1,
            "timeUnit": "Day"
          },
          "runAfter": {}
        },
        "InitializeVariable-vMailRecipients": {
          "type": "InitializeVariable",
          "description": "Put here the mail recipients to send the news",
          "inputs": {
            "variables": [
              {
                "name": "vMailRecipients",
                "type": "string"
              }
            ]
          },
          "runAfter": {
            "GetPastTime-1Day": [
              "Succeeded"
            ]
          }
        },
        "InitializeVariable-vTenantID": {
          "type": "InitializeVariable",
          "description": "Type here your tenant ID",
          "inputs": {
            "variables": [
              {
                "name": "vTenantID",
                "type": "string"
              }
            ]
          },
          "runAfter": {
            "InitializeVariable-vClientID": [
              "SUCCEEDED"
            ]
          }
        },
        "Scope-Try": {
          "type": "Scope",
          "actions": {
            "Perform_an_unbound_action": {
              "type": "OpenApiConnection",
              "inputs": {
                "parameters": {
                  "actionName": "RetrieveEnvironmentVariableSecretValue",
                  "item/EnvironmentVariableName": "ac365_spnmessagecenter001secret"
                },
                "host": {
                  "apiId": "/providers/Microsoft.PowerApps/apis/shared_commondataserviceforapps",
                  "operationId": "PerformUnboundAction",
                  "connectionName": "shared_commondataserviceforapps"
                }
              },
              "runtimeConfiguration": {
                "secureData": {
                  "properties": [
                    "outputs"
                  ]
                }
              }
            },
            "HTTP": {
              "type": "Http",
              "inputs": {
                "uri": "https://login.microsoftonline.com/@{variables('vTenantID')}/oauth2/v2.0/token",
                "method": "POST",
                "headers": {
                  "Host": "login.microsoftonline.com",
                  "Content-Type": "application/x-www-form-urlencoded"
                },
                "body": "client_id=@{variables('vClientID')}&scope=https%3A%2F%2Fgraph.microsoft.com%2F.default&client_secret=@{outputs('Perform_an_unbound_action')?['body/EnvironmentVariableSecretValue']}&grant_type=client_credentials"
              },
              "runAfter": {
                "Perform_an_unbound_action": [
                  "SUCCEEDED"
                ]
              },
              "runtimeConfiguration": {
                "contentTransfer": {
                  "transferMode": "Chunked"
                }
              }
            },
            "ParseJSON-RetrieveToken": {
              "type": "ParseJson",
              "inputs": {
                "content": "@body('HTTP')",
                "schema": {
                  "type": "object",
                  "properties": {
                    "token_type": {
                      "type": "string"
                    },
                    "expires_in": {
                      "type": "integer"
                    },
                    "ext_expires_in": {
                      "type": "integer"
                    },
                    "access_token": {
                      "type": "string"
                    }
                  }
                }
              },
              "runAfter": {
                "HTTP": [
                  "SUCCEEDED"
                ]
              }
            },
            "HTTP-GetMessages": {
              "type": "Http",
              "inputs": {
                "uri": "https://graph.microsoft.com/v1.0/admin/serviceAnnouncement/messages?$filter=StartDateTime%20ge%20@{body('GetPastTime-1Day')}",
                "method": "GET",
                "headers": {
                  "Authorization": "@{body('ParseJSON-RetrieveToken')?['access_token']}",
                  "Host": "graph.microsoft.com"
                }
              },
              "runAfter": {
                "ParseJSON-RetrieveToken": [
                  "SUCCEEDED"
                ]
              },
              "runtimeConfiguration": {
                "contentTransfer": {
                  "transferMode": "Chunked"
                }
              }
            },
            "ParseJSON-GetMessages": {
              "type": "ParseJson",
              "inputs": {
                "content": "@body('HTTP-GetMessages')",
                "schema": {
                  "type": "object",
                  "properties": {
                    "@@odata.context": {
                      "type": "string"
                    },
                    "@@odata.nextLink": {
                      "type": "string"
                    },
                    "value": {
                      "type": "array",
                      "items": {
                        "type": "object",
                        "properties": {
                          "startDateTime": {
                            "type": "string"
                          },
                          "endDateTime": {
                            "type": "string"
                          },
                          "lastModifiedDateTime": {
                            "type": "string"
                          },
                          "title": {
                            "type": "string"
                          },
                          "id": {
                            "type": "string"
                          },
                          "category": {
                            "type": "string"
                          },
                          "severity": {
                            "type": "string"
                          },
                          "tags": {
                            "type": "array",
                            "items": {
                              "type": "string"
                            }
                          },
                          "isMajorChange": {
                            "type": "boolean"
                          },
                          "actionRequiredByDateTime": {},
                          "services": {
                            "type": "array",
                            "items": {
                              "type": "string"
                            }
                          },
                          "hasAttachments": {
                            "type": "boolean"
                          },
                          "viewPoint": {},
                          "details": {
                            "type": "array",
                            "items": {
                              "type": "object",
                              "properties": {
                                "name": {
                                  "type": "string"
                                },
                                "value": {
                                  "type": "string"
                                }
                              },
                              "required": [
                                "name",
                                "value"
                              ]
                            }
                          },
                          "body": {
                            "type": "object",
                            "properties": {
                              "contentType": {
                                "type": "string"
                              },
                              "content": {
                                "type": "string"
                              }
                            }
                          }
                        },
                        "required": [
                          "startDateTime",
                          "endDateTime",
                          "lastModifiedDateTime",
                          "title",
                          "id",
                          "category",
                          "severity",
                          "tags",
                          "isMajorChange",
                          "actionRequiredByDateTime",
                          "services",
                          "hasAttachments",
                          "viewPoint",
                          "details",
                          "body"
                        ]
                      }
                    }
                  }
                }
              },
              "runAfter": {
                "HTTP-GetMessages": [
                  "SUCCEEDED"
                ]
              }
            },
            "ApplyToEach-MessageCenter": {
              "type": "Foreach",
              "foreach": "@body('ParseJSON-GetMessages')?['value']",
              "actions": {
                "ParseJSON-GetServices": {
                  "type": "ParseJson",
                  "inputs": {
                    "content": "@items('ApplyToEach-MessageCenter')?['services']",
                    "schema": {
                      "type": "array",
                      "items": {
                        "type": "string"
                      }
                    }
                  }
                },
                "ApplyToEach-MessageCenterService": {
                  "type": "Foreach",
                  "foreach": "@body('ParseJSON-GetServices')",
                  "actions": {
                    "Condition-ServicesContainsPowerDataverse": {
                      "type": "If",
                      "expression": {
                        "or": [
                          {
                            "contains": [
                              "@items('ApplyToEach-MessageCenterService')",
                              "Power"
                            ]
                          },
                          {
                            "contains": [
                              "@items('ApplyToEach-MessageCenterService')",
                              "Dataverse"
                            ]
                          }
                        ]
                      },
                      "actions": {
                        "SendAnEmail": {
                          "type": "OpenApiConnection",
                          "inputs": {
                            "parameters": {
                              "emailMessage/To": "@variables('vMailRecipients')",
                              "emailMessage/Subject": "@{items('ApplyToEach-MessageCenterService')} - @{items('ApplyToEach-MessageCenter')?['id']} : @{items('ApplyToEach-MessageCenter')?['title']}",
                              "emailMessage/Body": "<p class=\"editor-paragraph\">startDateTime: @{formatDateTime(parseDateTime(items('ApplyToEach-MessageCenter')?['startDateTime']), 'd-MMM-yyyy HH:mm', 'en-US')}</p><p class=\"editor-paragraph\">endDateTime: @{formatDateTime(parseDateTime(items('ApplyToEach-MessageCenter')?['endDateTime']), 'd-MMM-yyyy HH:mm', 'en-US')}</p><p class=\"editor-paragraph\">lastModifiedDateTime: @{formatDateTime(parseDateTime(items('ApplyToEach-MessageCenter')?['lastModifiedDateTime']), 'd-MMM-yyyy HH:mm', 'en-US')}</p><br><p class=\"editor-paragraph\">@{items('ApplyToEach-MessageCenter')?['body']?['content']}</p>",
                              "emailMessage/Importance": "High"
                            },
                            "host": {
                              "apiId": "/providers/Microsoft.PowerApps/apis/shared_office365",
                              "operationId": "SendEmailV2",
                              "connectionName": "shared_office365-1"
                            }
                          }
                        }
                      },
                      "else": {
                        "actions": {}
                      }
                    }
                  },
                  "runAfter": {
                    "ParseJSON-GetServices": [
                      "Succeeded"
                    ]
                  }
                }
              },
              "runAfter": {
                "ParseJSON-GetMessages": [
                  "SUCCEEDED"
                ]
              }
            }
          },
          "runAfter": {
            "InitializeVariable-vTenantID": [
              "Succeeded"
            ]
          }
        },
        "Scope-Catch": {
          "type": "Scope",
          "actions": {},
          "runAfter": {
            "Scope-Try": [
              "TIMEDOUT",
              "SKIPPED",
              "FAILED"
            ]
          }
        },
        "Scope-Finally": {
          "type": "Scope",
          "actions": {},
          "runAfter": {
            "Scope-Catch": [
              "SUCCEEDED",
              "FAILED",
              "SKIPPED",
              "TIMEDOUT"
            ]
          }
        },
        "InitializeVariable-vClientID": {
          "type": "InitializeVariable",
          "description": "Type here the client ID of your app registration",
          "inputs": {
            "variables": [
              {
                "name": "vClientID",
                "type": "string"
              }
            ]
          },
          "runAfter": {
            "InitializeVariable-vMailRecipients": [
              "Succeeded"
            ]
          }
        }
      }
    },
    "templateName": null
  },
  "schemaVersion": "1.0.0.0"
}