{"name":"90963282-c7e2-4ce1-bfd7-75c2ca677bcd","id":"/providers/Microsoft.Flow/flows/90963282-c7e2-4ce1-bfd7-75c2ca677bcd","type":"Microsoft.Flow/flows","properties":{"apiId":"/providers/Microsoft.PowerApps/apis/shared_logicflows","displayName":"Listar flows con Trigger HTTP & Teams Webhook Request (Instant)","definition":{"metadata":{"workflowEntityId":null,"processAdvisorMetadata":null,"flowChargedByPaygo":null,"flowclientsuspensionreason":"None","flowclientsuspensiontime":null,"flowclientsuspensionreasondetails":null,"creator":{"id":"5996b96c-6ea2-4db0-b3c6-fa1b72c6577f","type":"User","tenantId":"14aa50d9-7879-44d4-9c46-1bf757e1ca0e"},"provisioningMethod":"FromDefinition","failureAlertSubscription":true,"clientLastModifiedTime":"2025-09-16T14:40:38.937024Z","connectionKeySavedTimeKey":"2025-09-16T14:40:38.937024Z","creationSource":null,"modifiedSources":"Portal"},"$schema":"https://schema.management.azure.com/providers/Microsoft.Logic/schemas/2016-06-01/workflowdefinition.json#","contentVersion":"1.0.0.0","parameters":{"$authentication":{"defaultValue":{},"type":"SecureObject"},"$connections":{"defaultValue":{},"type":"Object"}},"triggers":{"manual":{"metadata":{"operationMetadataId":"bb76968f-6f3f-4f35-ba66-14d203f5aa7f"},"type":"Request","kind":"Button","inputs":{"schema":{"type":"object","properties":{},"required":[]}}}},"actions":{"Initialize_variable:_vFlowsWithHTTPRequest":{"runAfter":{},"metadata":{"operationMetadataId":"9f636263-a4f6-49c5-9902-928fbcbe8826"},"type":"InitializeVariable","inputs":{"variables":[{"name":"vFlowsWithHTTPRequest","type":"array"}]}},"List_Environments_as_Admin":{"runAfter":{"Initialize_variable:_vDestinatarioMail":["Succeeded"]},"metadata":{"operationMetadataId":"150b1a1a-7c66-486f-b963-0abd0b53dd5b"},"type":"OpenApiConnection","inputs":{"parameters":{"api-version":"2018-10-01"},"host":{"apiId":"/providers/Microsoft.PowerApps/apis/shared_powerplatformforadmins","connectionName":"shared_powerplatformforadmins","operationId":"Get-AdminEnvironment"},"authentication":{"value":"@json(decodeBase64(triggerOutputs().headers['X-MS-APIM-Tokens']))['$ConnectionKey']","type":"Raw"}}},"Apply_to_each:_Recorremos_cada_entorno":{"foreach":"@outputs('List_Environments_as_Admin')?['body/value']","actions":{"List_Flows_as_Admin_(V2):_Recuperamos_los_flows_de_cada_entorno":{"metadata":{"operationMetadataId":"4fe005f1-f92e-4401-a939-501d735a4304"},"type":"OpenApiConnection","inputs":{"parameters":{"environmentName":"@items('Apply_to_each:_Recorremos_cada_entorno')?['name']"},"host":{"apiId":"/providers/Microsoft.PowerApps/apis/shared_flowmanagement","connectionName":"shared_flowmanagement","operationId":"ListFlowsInEnvironment_V2"},"authentication":{"value":"@json(decodeBase64(triggerOutputs().headers['X-MS-APIM-Tokens']))['$ConnectionKey']","type":"Raw"}}},"Apply_to_each_2:_Recorremos_cada_flow":{"foreach":"@outputs('List_Flows_as_Admin_(V2):_Recuperamos_los_flows_de_cada_entorno')?['body/value']","actions":{"Get_Flow_as_Admin:_Sacamos_la_info_de_cada_flow":{"metadata":{"operationMetadataId":"04f14c0d-e79a-4fec-ad00-b9dc17907398"},"type":"OpenApiConnection","inputs":{"parameters":{"environmentName":"@items('Apply_to_each:_Recorremos_cada_entorno')?['name']","flowName":"@items('Apply_to_each_2:_Recorremos_cada_flow')?['name']"},"host":{"apiId":"/providers/Microsoft.PowerApps/apis/shared_flowmanagement","connectionName":"shared_flowmanagement","operationId":"AdminGetFlow"},"authentication":{"value":"@json(decodeBase64(triggerOutputs().headers['X-MS-APIM-Tokens']))['$ConnectionKey']","type":"Raw"}}},"List_Flow_Owners:_Sacamos_info_de_los_owners_de_cada_flow":{"runAfter":{"Get_Flow_as_Admin:_Sacamos_la_info_de_cada_flow":["Succeeded"]},"metadata":{"operationMetadataId":"0529ef4c-e0d5-40d3-af26-30d67693a31b"},"type":"OpenApiConnection","inputs":{"parameters":{"environmentName":"@items('Apply_to_each:_Recorremos_cada_entorno')?['name']","flowName":"@outputs('Get_Flow_as_Admin:_Sacamos_la_info_de_cada_flow')?['body/name']"},"host":{"apiId":"/providers/Microsoft.PowerApps/apis/shared_flowmanagement","connectionName":"shared_flowmanagement","operationId":"ListFlowOwners"},"authentication":{"value":"@json(decodeBase64(triggerOutputs().headers['X-MS-APIM-Tokens']))['$ConnectionKey']","type":"Raw"}}},"Condition:_Filtramos_los_flows_con_el_trigger_HTTP_Request":{"actions":{"Get_user_profile_(V2):_Recupera_el_upn_del_owner":{"metadata":{"operationMetadataId":"86edfb40-abd8-4858-a71c-6ca1ba5c8e3c"},"type":"OpenApiConnection","inputs":{"parameters":{"id":"@body('List_Flow_Owners:_Sacamos_info_de_los_owners_de_cada_flow')?['value']?[0]['name']"},"host":{"apiId":"/providers/Microsoft.PowerApps/apis/shared_office365users","connectionName":"shared_office365users","operationId":"UserProfile_V2"},"authentication":{"value":"@json(decodeBase64(triggerOutputs().headers['X-MS-APIM-Tokens']))['$ConnectionKey']","type":"Raw"}}},"Append_to_array_variable:_Añadimos_la_información_recopilada_a_la_variable_Array":{"runAfter":{"Get_user_profile_(V2):_Recupera_el_upn_del_owner":["Succeeded"]},"metadata":{"operationMetadataId":"57e9fab9-4e78-4ef5-b976-4f4daa51313d"},"type":"AppendToArrayVariable","inputs":{"name":"vFlowsWithHTTPRequest","value":{"Entorno":"@items('Apply_to_each:_Recorremos_cada_entorno')?['properties/displayName']","Nombre":"@items('Apply_to_each_2:_Recorremos_cada_flow')?['properties/displayName']","Estado":"@items('Apply_to_each_2:_Recorremos_cada_flow')?['properties/state']","Propietario":"@outputs('Get_user_profile_(V2):_Recupera_el_upn_del_owner')?['body/userPrincipalName']"}}}},"runAfter":{"List_Flow_Owners:_Sacamos_info_de_los_owners_de_cada_flow":["Succeeded"]},"else":{"actions":{}},"expression":{"or":[{"equals":["@body('Get_Flow_as_Admin:_Sacamos_la_info_de_cada_flow')?['properties']?['definitionSummary']?['triggers']?[0]?['type']","Request"]},{"equals":["@body('Get_Flow_as_Admin:_Sacamos_la_info_de_cada_flow')?['properties']?['definitionSummary']?['triggers']?[0]?['kind']","Http"]},{"and":[{"equals":["@body('Get_Flow_as_Admin:_Sacamos_la_info_de_cada_flow')?['properties']?['definitionSummary']?['triggers']?[0]?['type']","Request"]},{"equals":["@body('Get_Flow_as_Admin:_Sacamos_la_info_de_cada_flow')?['properties']?['definitionSummary']?['triggers']?[0]?['kind']","TeamsWebhook"]}]}]},"metadata":{"operationMetadataId":"22181891-74da-4b88-8ed4-f729ea6dbb29"},"type":"If","description":"body('Get_Flow_as_Admin:_Sacamos_la_info_de_cada_flow')?['properties']?['definitionSummary']?['triggers']?[0]?['type'] ||||| body('Get_Flow_as_Admin:_Sacamos_la_info_de_cada_flow')?['properties']?['definitionSummary']?['triggers']?[0]?['kind']"}},"runAfter":{"List_Flows_as_Admin_(V2):_Recuperamos_los_flows_de_cada_entorno":["Succeeded"]},"metadata":{"operationMetadataId":"23801619-02f7-43df-a6ab-9e488e39a39e"},"type":"Foreach"}},"runAfter":{"List_Environments_as_Admin":["Succeeded"]},"metadata":{"operationMetadataId":"3a8d117d-d215-47ba-9acc-d0360919978c"},"type":"Foreach"},"Create_HTML_table:_Creamos_una_tabla_con_todos_los_datos":{"runAfter":{"Apply_to_each:_Recorremos_cada_entorno":["Succeeded","TimedOut","Failed","Skipped"]},"metadata":{"operationMetadataId":"cdf76833-5747-4bb8-aae3-386f5c28bf63"},"type":"Table","inputs":{"from":"@variables('vFlowsWithHTTPRequest')","format":"HTML"}},"Send_an_email_(V2):_Enviamos_por_mail_el_resultado":{"runAfter":{"Create_HTML_table:_Creamos_una_tabla_con_todos_los_datos":["Succeeded"]},"metadata":{"operationMetadataId":"68367b73-7b87-4980-a00d-b271adbd35e4"},"type":"OpenApiConnection","inputs":{"parameters":{"emailMessage/To":"@variables('vDestinatarioMail')","emailMessage/Subject":"Listado de flows con HTTP o Teams WebHook Request como trigger","emailMessage/Body":"<style>\ntable {\n  border: 1px solid #1C6EA4;\n  background-color: #EEEEEE;\n  width: 100%;\n  text-align: left;\n  border-collapse: collapse;\n}\ntable td, table th {\n  border: 1px solid #AAAAAA;\n  padding: 3px 2px;\n}\ntable tbody td {\n  font-size: 13px;\n}\ntable thead {\n  background: #1C6EA4;\n  border-bottom: 2px solid #444444;\n}\ntable thead th {\n  font-size: 15px;\n  font-weight: bold;\n  color: #FFFFFF;\n  border-left: 2px solid #D0E4F5;\n}\ntable thead th:first-child {\n  border-left: none;\n}\n</style>\n<p>@{body('Create_HTML_table:_Creamos_una_tabla_con_todos_los_datos')}</p>","emailMessage/Importance":"Normal"},"host":{"apiId":"/providers/Microsoft.PowerApps/apis/shared_office365","connectionName":"shared_office365","operationId":"SendEmailV2"},"authentication":{"value":"@json(decodeBase64(triggerOutputs().headers['X-MS-APIM-Tokens']))['$ConnectionKey']","type":"Raw"}}},"Initialize_variable:_vDestinatarioMail":{"runAfter":{"Initialize_variable:_vFlowsWithHTTPRequest":["Succeeded"]},"metadata":{"operationMetadataId":"f878bba5-dd07-4e2e-ba37-f40a1c541629"},"type":"InitializeVariable","inputs":{"variables":[{"name":"vDestinatarioMail","type":"string","value":"admin@pwplcoruna.onmicrosoft.com"}]}}},"description":"Lista todos los flows de nuestro tenant que usen los trigger HTTP y Teams Webhook Request. https://github.com/albertocastro365"},"connectionReferences":{"shared_powerplatformforadmins":{"connectionName":"shared-powerplatform-6b512700-42d6-4122-b445-40d9f5d32339","source":"Invoker","id":"/providers/Microsoft.PowerApps/apis/shared_powerplatformforadmins","tier":"NotSpecified","apiName":"powerplatformforadmins","isProcessSimpleApiReferenceConversionAlreadyDone":false},"shared_flowmanagement":{"connectionName":"shared-flowmanagemen-8bf7f4d7-3cc5-41d3-9304-5ce14b9ae321","source":"Invoker","id":"/providers/Microsoft.PowerApps/apis/shared_flowmanagement","tier":"NotSpecified","apiName":"flowmanagement","isProcessSimpleApiReferenceConversionAlreadyDone":false},"shared_office365users":{"connectionName":"shared-office365user-75f75bf3-ac10-4b98-adf3-168faa0264d8","source":"Invoker","id":"/providers/Microsoft.PowerApps/apis/shared_office365users","tier":"NotSpecified","apiName":"office365users","isProcessSimpleApiReferenceConversionAlreadyDone":false},"shared_office365":{"connectionName":"shared-office365-1b412ff4-e143-4ab4-ac20-1db62e136162","source":"Invoker","id":"/providers/Microsoft.PowerApps/apis/shared_office365","tier":"NotSpecified","apiName":"office365","isProcessSimpleApiReferenceConversionAlreadyDone":false}},"flowFailureAlertSubscribed":false,"isManaged":false}}